row_id,title,text,true_label,pred_bilstm,prob_bilstm,pred_gru5000,prob_gru5000,pred_gru,prob_gru,pred_lstm,prob_lstm,pred_nb,prob_nb,pred_rnn,prob_rnn,wrong_pred_bilstm,wrong_pred_gru5000,wrong_pred_gru,wrong_pred_lstm,wrong_pred_nb,wrong_pred_rnn,num_models_wrong,type_pred_bilstm,type_pred_gru5000,type_pred_gru,type_pred_lstm,type_pred_nb,type_pred_rnn,article_len,title_len,political
29042,National Attention On Ayotte - Hassan (*NH) Senate Race,"Maggie Hassan, left and Kelly Ayotte Hassan declares victory in U.S. Senate race with Ayotte By PAUL FEELYNew Hampshire Union Leader Update, 11:00 a.m. Gov. Maggie Hassan declared she’s won New Hampshire's U.S. Senate race, unseating Republican Sen. Kelly Ayotte.During a hastily-called press conference outside the State House, Hassan said she’s ahead now by enough votes to survive returns from the few outstanding towns that are left.“I am proud to stand here as the next United States senator from New Hampshire,” Hassan said to cheers from a large group of supporters led by Congresswoman Annie Kuster and Hassan’s husband, Tom.The two-term governor said she hadn’t spoken with Ayotte.It’s clear we have maintained the lead in and have won this race,” Hassan said.Sen. Ayotte issued a brief statement after Hassan’s event but did not concede and deferred to Secretary of State Bill Gardner’s final results.""This has been a closely contested race from the beginning and we look forward to results being announced by the Secretary of State, and ensuring that every vote is counted in this race that has received an historic level of interest,” Ayotte said.Hassan said she called to congratulate Gov.-Elect Chris Sununu, a Newfields Republican, and vowed to work together on a smooth transition of power in the state’s corner office.With 99 percent of the vote counted, Hassan led Ayotte, a Nashua Republican, by 640 votes, or much less than 1 percent. There were only two voting precincts left to report.A recount of this statewide race seems like a real possibility; the margin is small enough that Ayotte will not have to pay for it. An earlier story follows: CONCORD — Republican incumbent Sen. Kelly Ayotte told supporters early Wednesday she is feeling ""really upbeat"" about her chances in one of the most closely watched — and expensive — U.S. Senate races in the country, but wasn't ready to claim victory over Democratic challenger Gov. Maggie Hassan to earn a return to Washington representing the Granite State.At 12:36 a.m., Ayotte took to the podium at the Grappone Conference Center in Concord to address supporters at her victory party, in a dead heat with Hassan 48 percent to 48 percent, or 287,479 votes to 284,743 votes, with 83 percent of precincts in the state reporting.""Joe and I are so excited to see all of you her tonight,"" said Ayotte. ""We feel really upbeat tonight.""Ayotte went on to thank supporters and ""our next Gov. Sununu.""""We know how hard you have all worked. We are so grateful. We are humbled by the fact that you would believe in us. Right now we are very upbeat about where this race is, but I believe strongly in the fact that we want to have every vote in before we come out and talk to you. Every vote matters, because every person matters in this state.""Gov. Hassan said while the race was too close to call, the campaign maintained a 5,000 vote lead, according to numbers compiled by her staff.“We still have a small but sustainable lead,” she said.Hassan told the crowd that a number of smaller towns had yet to report numbers, but was confident the lead would hold. The campaign said its numbers show Hassan has a vote of 323,375 to Ayotte’s 318,016 in over 90 percent of vote. The campaign said these numbers include results from big communities the Associated Press had yet to count like Salem, Derry, Lebanon, and Portsmouth. The cities of Manchester, Nashua, and Concord are included in the Hassan numbers.The governor headed home for the night and urged supporters to go home and get some sleep.Election Day 2016 marked the end of a long campaign cycle in the Granite State that kicked off nine months ago with the presidential primaries nine months ago, and didn’t let up until the final ballots were cast around 8 p.m. Tuesday.The Ayotte/Hassan contest, the most expensive political race ever in New Hampshire with over $100 million spent, took center stage this cycle alongside the presidential race between Republican nominee Donald Trump and Democratic nominee Hillary Clinton, cementing New Hampshire’s status as a battleground state, with its four electoral votes up for grabs. The race is one of about a half dozen around the U.S. being closely watched on Tuesday, with the outcome likely playing a part in deciding if the Republicans retain control of the Senate, or if Democrats regain the majority they lost two years ago.""It has been a great night for Republicans not just in New Hampshire but across the country,"" said NH GOP Chair Jennifer Horn. ""In New Hampshire, we know that when Republicans stand together, when Republicans fight together, we win."" .",real,fake,0.9979207,fake,0.9993075,fake,0.999244,fake,0.99995697,fake,0.9999999999999998,fake,0.6406468,1,1,1,1,1,1,6,real→fake,real→fake,real→fake,real→fake,real→fake,real→fake,400,9,True
36593,A Message to my Fellow Republicans,"As the unfolding Clinton email story plays out, I have some simple counsel for my friends in Congress, the conservative movement and right-leaning opinion media: Stop talking unless and until you have a plan. Better to go dark than play this game by the Clinton Rules.

Hillary really put a wrench in the media’s plans this week. After eagerly cheerleading Barack Obama for eight years, they stood ready to help break the ultimate glass ceiling and play their role as part of the uncritical chorus of Hillary Clinton’s coronation, first as the Democratic nominee then as president. It’s why they hate this story. It brings alive the memories of 30 years of the slimy, predatory Clinton enterprise and how its venal, sleazy, one-step-ahead-of-the-law hillbilly hustle stains everything it touches.

Cursed with both arrogance and inertia, the Bill and Hillary machine is stumbling toward political peril as the story of her possibly illegal (and certainly dodgy and ill-advised) use of private email servers consumes a Washington and New York press corps that for once can’t easily look away. The Clintons know we’re only at the end of the beginning of this story and the national security, legal and political implications for Hillary will get worse. The Clintons are depending on their old skills at manipulating the press and hoping the GOP and conservatives will save her by mishandling their response as badly as she’s mishandling hers.

While the media’s passive “attention span” excuse du jour is real, many in the press are possessed of a boundless ideological desire to change the subject right now. That’s why the press is waiting breathlessly for (and in some cases, actively trolling for) Republicans to blow it. An intemperate remark from Congressman Jackass would fit the bill perfectly. Don’t be the squirrel. Don’t give them a shiny object. Don’t give them an excuse to turn this into “Krazee Republicans Sure Hate Hillary Because She’s a Woman.” For God’s sake, candidates, take a deep breath and skip talking about your favorite social issue for just a few days. The media is desperate for another riff on evolution or vaccines or gay marriage or prison sex from a GOP contender so they can turn their undivided attention to the Republicans.

Let’s try something new: maintain message discipline, hold focus and keep an eye on a bigger objective than your daily press release, social media hits or email fundraising drops. This is about her, not us, so unless GOP elected and opinion leaders are smart and subtle, and execute with the right timing and tone, she wins. Try for once to play the long game and help Hillary Clinton take on water.

You can sense the Clintons are on the back foot; her now-infamous tweet and promises of transparency last week were nothing more than rehashed Clinton stalling tactics from the 1990s, when there were only a handful of media outlets and a relatively hermetic press culture. It was as stale as a faxed statement, three days late in the era of always-on social media. That won’t work today, if we’re smart. She’s blowing this; let’s help.

It’s vital to have a plan, to execute it with discipline and proceed against Clinton with a measured pace and tone. Speak more in sorrow than in anger. Don’t make it all about Benghazi (they’re expecting that) or the record-keeping laws (boring). Touch on those selectively, but focus instead on the grave national security risks that her amateur-hour email server shenanigan posed and more broadly what this says about the Clinton culture. Her team can yammer on about the legality of it all, her motivations or the traffic content, but the moment this becomes about the Chinese, Iranians, Russians or even just random hackers reading the email (classified or not) of the secretary of state, it’s a new ballgame.

I encourage you to use the smarmy D.C. construction of “I just want to work in a bipartisan way for good, transparent government and to protect national security secrets from the Chinese, Russians and other threats” that the Acela Media claims to worship. Republicans have heard the hard ideologues on the left use it a million times while grinding their teeth in frustration. Avoid making wild claims about either the substance or political outcomes of investigations. Reduce expectations, rather than raise them. Don’t let one single member of Congress or leader be the only face in the room; the Clintons love to demonize a single target, so vary your portfolio. Be persistent. Be serious. Be smart.",fake,real,0.12700367,real,0.022810042,real,0.0957315,real,0.056367397,real,2.8231987811659327e-11,real,0.4009602,1,1,1,1,1,1,6,fake→real,fake→real,fake→real,fake→real,fake→real,fake→real,400,6,True
49731,Donald Trump Call For Immediate Shutdown of Clinton Foundation,"Donald Trump called this morning for the Clinton Foundation to be ""shut down immediately,"" describing it as ""the most corrupt enterprise in political history"" in a Facebook post.

""Hillary Clinton is the defender of the corrupt and rigged status quo,"" Trump wrote. ""The Clintons have spent decades as insiders lining their own pockets and taking care of donors instead of the American people.""

Over the weekend, the Clinton campaign insisted the Clinton Foundation would stop accepting donations from foreign countries. They did not explain why such a suspension did not happen when Clinton served as secretary of state.

Critics have pointed to a number of State Department-facilitated deals that involved foreign parties that had made donations to the Clinton Foundation. The 'Clinton system' involves selling access to bad guys.

""What they were doing during Crooked Hillary's time as Secretary of State was wrong then, and it is wrong now,"" Trump wrote.

Earlier this year, the FBI reportedly wanted to open an investigation of the Clinton Foundation after receiving an alert from a bank about suspicious activity by a foreign Clinton Foundation donor, but the Department of Justice (DOJ) nixed it, claiming their own investigation after the book Clinton Cash (now a documentary)was released could not substantiate those allegations the DOJ focused on.",fake,real,0.049273074,real,0.00035238266,real,0.49289793,real,0.0047724247,real,1.526191245029557e-14,real,0.4061932,1,1,1,1,1,1,6,fake→real,fake→real,fake→real,fake→real,fake→real,fake→real,212,9,True
63692,Las Vegas May Become the New Amsterdam,"Las Vegas May Become the New Amsterdam 11/07/2016 
HIGH TIMES 
Nevada already has legal brothels, round-the-clock casinos and a coy catchphrase declaring that “what happens in Vegas, stays in Vegas.” If voters approve, the state could soon add another vice in the form of recreational marijuana. 
A proposal on the Nov. 8 state ballot would legalize pot, and entrepreneurs hope its passage could someday allow the drug at Las Vegas’ glamorous nightclubs and perhaps provide the framework for a future Amsterdam-style cannabis district. 
“I really think this would be the third-largest market in the country,” said Derek Peterson, whose company operates medical marijuana dispensaries called Blum. He predicts that only California and New York would offer a bigger customer base than Las Vegas and its 42 million tourists a year. “I think it should be able to fit in really well with the whole dayclub/nightclub thing.” 
Nevada has allowed medical marijuana since 2000, and Peterson sees recreational pot as an alternative for visitors tired of cocktails that can top $15 apiece and inflict hangovers. But before waitresses begin delivering high-grade marijuana at clubs along the Las Vegas Strip, weed proponents will have to win over not just voters, who narrowly support the initiative in polls, but a risk-averse casino industry. 
The Nevada Resort Association came out against the measure, pointing to an opinion from gambling regulators that casino owners should avoid the marijuana industry because the substance remains illegal under federal law. Las Vegas Sands owner Sheldon Adelson has bankrolled most of the opposition, pouring $2 million of his fortune into a campaign that raises the possibility that small children could become intoxicated from candy-like marijuana edibles. 
Adelson also has contributed $1.5 million in Arizona and Massachusetts, a significant share of all anti-marijuana donations there. 
Adelson, whose son died of a drug overdose and whose wife is a doctor specializing in drug addiction, has donated millions toward efforts to defeat medical marijuana proposals in Florida and other states in years past. 
Other casino operators have joined the fray, but to a lesser extent. 
In spite of its libertine reputation, the rigorously regulated casino industry is known to err on the conservative side to avoid scandalizing the middle-aged tourists who are its bread and butter. 
“I don’t know that this is a game changer in terms of tourism,” Virginia Valentine, president of the Nevada Resort Association, said of marijuana’s potential. “We’re really known for other things. You may attract people or turn them off.” 
The Las Vegas Convention and Visitors Authority, which promotes Sin City’s amenities to the world, is neutral on the issue. 
Clyde Barrow, a gambling expert who chairs the political science department at the University of Texas-Rio Grande Valley, suggests the donations may indicate the casino companies are acting in their own best interests. 
“The marijuana industry is emerging as another form of recreation and entertainment. Given the casino industry’s difficulties attracting millennials, marijuana is probably perceived as a direct competitor with casinos for entertainment dollars,” he said. “Another reason is that legalized marijuana competes with alcohol, and, to that extent, competes with the food and beverage sales at casinos.” 
There’s no solid state-sponsored research on how legal recreational marijuana has affected tourism in places that have legalized it, although both sides point to Colorado to make their case. 
Pro-marijuana interests cite a state study that found Colorado set an all-time tourism record in 2015, capping a fifth year of growth. It’s unclear how much of that is due to weed, and how much can be chalked up to other factors, such as good snow in recent years relative to competing ski states. 
Marijuana opponents refer to a report from the Visit Denver tourism bureau that logged increasing complaints about panhandling and open marijuana consumption in the city’s downtown corridor. 
“Denver is losing visitors and valuable convention business as a result of these overall safety (or perception of safety) issues,” the report said. “We fear not being able to brand Denver away from this growing reputation.” 
Nevada’s ballot initiative would not allow municipalities to put blanket bans on marijuana, as Colorado does. But it would bar consumption in buildings that are open to the public and permit local governments to restrict the locations of marijuana dispensaries and related businesses. It effectively blocks people from growing their own by banning the practice within 25 miles of a licensed marijuana store.",real,fake,0.5873436,fake,0.99994886,fake,0.93441695,fake,0.9266665,fake,1.0,fake,0.66622454,1,1,1,1,1,1,6,real→fake,real→fake,real→fake,real→fake,real→fake,real→fake,400,7,True
64771,Queen Elizabeth II owns every dolphin in Britain and doesn't need a driving licence and doesn't pay tax — here are the incredible powers you didn't know the monarchy has,"Email 
Queen Elizabeth II is not like you and me. 
Did you know she is immune from prosecution? That she has her own personal poet, paid in Sherry wine? Or that she holds dominion over British swans and can fire the entire Australian government? 
It's true that her role as the British head of state is largely ceremonial, and the Monarch no longer holds any serious power from day to day. The historic ""prerogative powers"" of the Sovereign have been devolved largely to government ministers. But this still means that when the British government declares war, or regulates the civil service, or signs a treaty, it is doing so only on her authority. 
And she still wields some of these prerogative powers herself — as well as numerous other unique powers, ranging from the surprising to the utterly bizarre. 
Most famously, she owns all swans in the River Thames. 
Technically, all unmarked swans in open water belong to the Queen, though the Crown ""exercises her ownership"" only ""on certain stretches of the Thames and its surrounding tributaries,"" according to the official website of the Royal Family. 
Today this tradition is observed during the annual ""Swan Upping,"" in which swans in the River Thames are caught, ringed, and set free again as part of census of the swan population. 
It's a highly ceremonial affair, taking place over five days. ""Swan uppers"" wear traditional uniforms and row upriver in six skiffs accompanied by the Queen's Swan Marker. 
""The swans are also given a health check and ringed with individual identification numbers by The Queen's Swan Warden, a Professor of Ornithology at the University of Oxford's Department of Zoology,"" according to the Royal Family website. 
""Rule, Britannia, Britannia rules the waves,"" goes a classic British song — and this rule extends beneath the waves, too. The sovereign has dominion over a variety of aquatic animals in British waters. 
The Queen still technically owns all the sturgeons, whales, and dolphins in the waters around England and Wales, in a rule that dates back to a statute from 1324, during the reign of King Edward II, according to Time. 
According to the article: ""This statute is still valid today, and sturgeons, porpoises, whales, and dolphins are recognised as 'fishes royal': when they are captured within 3 miles (about 5 km) of UK shores or wash ashore, they may be claimed on behalf of the Crown. Generally, when brought into port, a sturgeon is sold in the usual way, and the purchaser, as a gesture of loyalty, requests the honour of its being accepted by Elizabeth."" 
The law is still observed: In 2004, a Welsh fisherman was investigated by the police after catching a 10-foot sturgeon, the BBC reported at the time. The Scottish government also issued guidance on the law in 2007, writing that ""the right to claim Royal Fish in Scotland allows the Scottish Government (on behalf of the Crown) to claim stranded whales which are too large to be drawn to land by a 'wain pulled by six oxen.'"" 
The Queen can drive without a licence. 
Driving licenses are issued in the Queen's name, yet she is the only person in the United Kingdom who doesn't legally need a license to drive or a number plate on her cars, according to Time. 
Despite not being required to have a license, the Queen is comfortable behind the wheel, having learned to drive during World War II when she operated a first-aid truck for the Women's Auxillary Territorial Service. (As a result of the Queen's training, she can also change a spark plug, Time notes). 
Queen Elizabeth II isn't afraid to show off her driving skills, either. In 1998, she surprised King Abdullah of Saudi Arabia (then still a prince) by driving him around in her country seat of Balmoral. 
Former British Ambassador Sherard Cowper-Coles recounted the meeting in the Sunday Times: ""As instructed, the crown prince climbed into the front seat of the front Land Rover, with his interpreter in the seat behind. To his surprise, the Queen climbed into the driving seat, turned the ignition and drove off. Women are not — yet — allowed to drive in Saudi Arabia, and Abdullah was not used to being driven by a woman, let alone a queen."" 
Cowper-Coles continued: ""His nervousness only increased as the Queen, an army driver in wartime, accelerated the Land Rover along the narrow Scottish estate roads, talking all the time. Through his interpreter, the crown prince implored the Queen to slow down and concentrate on the road ahead."" 
Unlike other members of the Royal family, the Queen does not require a passport, as they are issued in her name. Despite this lack of travel documents, she has been abroad many times. 
She has two birthdays. 
When you're the British head of state, one birthday just isn't enough. The Queen's official birthday is celebrated on a Saturday in June, though her actual birthday is on April 21. 
""Official celebrations to mark a sovereign's birthday have often been held on a day other than the actual birthday, particularly when the actual birthday has not been in the summer,"" according to the Royal Mint. 
Both birthdays are celebrated in suitable style, too. Her actual birthday ""is marked publicly by gun salutes in central London at midday,"" according to the official website of the British Monarchy. This includes ""a 41-gun salute in Hyde Park, a 21-gun salute in Windsor Great Park, and a 62-gun salute at the Tower of London. In 2006, Her Majesty celebrated her 80th Birthday in 2006 with a walkabout in the streets outside of Windsor Castle to meet well-wishers."" 
For her ""official"" birthday celebrations, meanwhile, she ""is joined by other members of the Royal Family at the spectacular Trooping the Colour parade, which moves between Buckingham Palace, The Mall, and Horseguards' Parade."" 
She has her own private cash machine. 
Less a ""power"" and more a perk of the job, a private cash machine for use by the royal family is installed in the basement of Buckingham Palace. It's provided by Coutts, one of Britain's most prestigious — and exclusive — banks. 
The Queen has her own personal poet. 
The poet laureate is an honorary position in British society appointed by the Monarch to a poet ""whose work is of national significance,"" according to the official website of the British Monarchy. When first the role was introduced, the appointee was paid £200 per year plus a butt of canary wine. Today the poet laureate is given a barrel of Sherry. 
Carol Ann Duffy will hold the position until 2019. 
She has to sign laws. 
The Queen's consent is necessary to turn any bill into an actual law. Once a proposed law has passed both houses of Parliament, it makes its way to the Palace for approval, which is called ""Royal Assent."" The most recent British Monarch to refuse to provide Royal Assent was Queen Anne, back in 1708. 
Royal Assent is different than ""Queen's consent,"" in which the Queen must consent to any law being debated in Parliament that affects the Monarchy's interests (such as reforming the prerogative or tax laws that might affect the Duchy of Cornwall, for example). Without consent, the bill cannot be debated in Parliament. 
Queen's consent is exercised only on the advice of ministers, but its existence provides the government with a tool for blocking debate on certain subjects if bills are tabled by backbench rebels or the opposition. 
It has been exercised at least 39 times, according to documents released under the Freedom of Information act, including ""one instance [in which] the Queen completely vetoed the Military Actions Against Iraq Bill in 1999, a private member's bill that sought to transfer the power to authorise military strikes against Iraq from the monarch to parliament,"" The Guardian reported in 2013. 
She can create Lords. 
The Queen has the power to appoint Lords, who can then sit in Parliament, the upper house in Britain's legislative system. Like many other powers, this is exercised only ""on the advice of"" elected government ministers. 
She doesn't have to pay tax (but she does anyway). 
The Queen does not have to pay tax, but she has been voluntarily paying income tax and capital gains tax since 1992. 
The Queen has the power to form governments. 
Unlike the Queen, Prime Minister David Cameron doesn't literally sit on a throne. Rob Stothard/Getty Images/HBO/BI 
The Queen previously wielded the power to dissolve Parliament and call a general election, but the Fixed-Term Parliaments Act put an end to that in 2011. Now a two-thirds vote in the commons is required to dissolve Parliament before a five-year fixed-term is up. 
She does still play a part after an election, however, when she calls on the MP most able to form a government to do so. 
This caused some worry ahead of this year's General Election. It once looked as if the Conservatives might not have a majority (but would be the largest party) and would try to form a government. Meanwhile, it was feasible that Labour could form a majority, despite having fewer seats, by entering into a coalition with multiple other parties. 
In this situation, the Queen would have been stuck between a rock and a hard place. Every year, she opens Parliament with the Queen's speech, which lays out the government's plans. But to give David Cameron's speech would arguably be to tacitly endorse his government — while staying away would send the opposite message. 
At one point, The Times was told by sources that she planned to ""stay away"" if Cameron failed to secure enough MPs, but the Palace later had an about-face. ""Royal sources confirmed she would lead proceedings, even if there was a risk the speech would be overthrown the following week because the Tories had failed to muster enough backing from smaller parties,"" The Times subsequently reported. 
She has knights.​ 
Sure, they no longer ride around on horseback wooing maidens with their tales of valour, but Britain still retains knights. Like Lords, they are appointed by the Queen — and she knights them personally. 
Knighthoods are typically given to figures who have made a particular contribution to British society — whether in business, the arts, the military, or elsewhere. After Terry Pratchett was knighted, the legendary fantasy author forged himself a special sword using pieces of a meteorite. 
The individuals knighted are decided by ministers, the BBC reports, ""who present her with a list of nominees each year for her approval."" 
She is exempt from Freedom Of Information requests. 
All information about the royal family is exempt from Freedom of Information requests. The exemption was made after a legal battle between The Guardian and the government to have letters from Prince Charles sent to Whitehall ministers made public. The so-called black spider memos were recently released, but the change means the same can't happen in the future. 
She can ignore or overrule ministerial advice in ""grave constitutional crisis."" 
While the overwhelming majority of the Queen's prerogative powers are devolved to her ministers, there is one exception that allows her to wield power herself. Only ""in grave constitutional crisis,"" the Sovereign can ""act contrary to or without Ministerial advice."" With no precedent in modern times, it's not clear what would actually constitute this, but the possibility remains. 
The Queen holds the ability to fire the entire Australian government. 
As the head of state in Australia, the Queen has certain powers over the government. In 1975, for example, the Queen's representative in the country at the time, Gov. Gen. Sir John Kerr, fired the prime minister in response to a government shutdown. 
""[Kerr] appointed a replacement, who immediately passed the spending bill to fund the government, Max Fisher wrote in The Washington Post. ""Three hours later, Kerr dismissed the rest of Parliament. Then Australia held elections to restart from scratch. And they haven't had another shutdown since."" 
In addition to the UK and Australia, the Queen is also the head of state in Antigua and Barbuda, the Bahamas, Barbados, Belize, Canada, Grenada, Jamaica, New Zealand, Papua New Guinea, Saint Kitts and Nevis, Saint Lucia, Saint Vincent and the Grenadines, Solomon Islands, and Tuvalu. 
All the above are Commonwealth Realms, or former British colonies. The British sovereign retains the position she holds in the United Kingdom, that of head of state. As in Britain, this is largely a ceremonial role from day to day. 
She's the head of a religion. 
Queen Elizabeth II is the head of the Church of England, Britain's state religion first established after King Henry VIII split away from the Catholic Church in Rome in the 16th century. 
Her formal title is defender of the faith and supreme governor of the Church of England, and she also has the power to appoint Bishops and Archbishops. As with many of her other powers, however, this is exercised only on the advice of the prime minister, who himself takes advice from a Church Commission. 
An interesting side effect of this is that the Sovereign must be a confirmed member of Church of England. Catholics and those of other religions may not ascend to the British throne. If Prince Charles converted to Islam, for example, he would be unable to become king after Queen Elizabeth II dies. 
She gets to give away special money to the elderly. 
Maundy money is a special kind of silver coin the Queen gives away to pensioners every year at a UK cathedral every Easter in a special ceremony. The number of recipients corresponds with the Sovereign's age. This year, for example, she will be 89 when Easter rolls around, so she will give maundy money away to 89 pensioners. 
The coins are technically legal tender, despite coming in unconventional 3-pence and 4-pence denominations. But given the coins' rare status, they tend not to enter general circulation. 
She's also immune from prosecution. 
All prosecutions are carried out in the name of the Sovereign, and she is both immune from prosecution and cannot be compelled to give evidence in court. 
In theory, the Sovereign ""is incapable of thinking or doing wrong,"" legal scholar John Kirkhope told Business Insider. However, barrister Baroness Helena Kennedy QC told the BBC in 2002 that ""nowadays, that immunity is questionable."" 
""Although civil and criminal proceedings cannot be taken against the Sovereign as a person under UK law, the Queen is careful to ensure that all her activities in her personal capacity are carried out in strict accordance with the law,"" according to official site of the Monarchy. 
If the monarch did commit a grievance offence, he or she would almost certainly be forced to abdicate. There is at least one precedent of the Courts' prosecuting the Sovereign. In the 17th Century, King Charles I was tried for treason following the English Civil War. He said ""no earthly power can justly call me (who am your King) in question as a delinquent."" The Court disagreed and had him executed. 
The Queen has the right to be consulted, to encourage, and to warn her ministers. 
Assuming no ""grave constitutional crisis,"" the Queen's input into the legislative process is supposed to be limited in real terms to the right ""to be consulted, to encourage, and to warn"" her ministers — advice delivered via meetings with the prime minister. 
The Queen also has certain historic rights and privileges. John Kirkhope, a lawyer who successfully campaigned to have details of ""Queen's consent"" made public, provided Business Insider with a list of some of the stranger rights the Queen still holds. 
Hungerford has to present a red rose to the Sovereign in exchange for its fishing and grazing rights.The Duke of Atholl must pay by way of a rose whenever the Sovereign calls. This most recently happened during the reign of Queen Victoria, so it's unclear whether the rose has to be any particular colour.If the Sovereign passes near Kidwelly Castle in Wales, the tenant has to provide a bodyguard in full armour. This is complicated slightly by the fact the castle is a ruin.The Marquis of Ailesbury owns Savernake Forest and is required to produce a blast on a hunting horn should the Sovereign pass through the Forest. This last happened in 1943.Similarly, the owner of Dunlambert Castle in Northern Ireland has to produce a blast on an ancient bugle.And lastly, many landowners must also pay a ""quit-rent"" — a kind of tax on their property paid to the Monarch. Some are pretty unusual. 
The owner of Sauchlemuir Castle must set out three glasses of port on New Year's Eve for the grandmother of James IV of Scotland. (For reference, James IV served from 1474 to 1513.)The owner of Fowlis must deliver — when required — a snowball in mid-summer.The City of Gloucester pays for its holdings of Crown Lands by providing an enormous eel pie.Great Yarmouth must provide a hundred herrings baked in 24 pasties to the Sheriff, who then sends them to the Lord of the Manor — who then sends them to the Sovereign.The Duke of Marlborough has to present a small satin flag with a Fleur de Lys on August 13, the anniversary of the Battle of Blenheim.The Duke of Wellington has to present a French Tricolour flag before noon on June 19 — the anniversary of the Battle of Waterloo.",real,fake,0.90803385,fake,0.99903196,fake,0.9610541,fake,0.9960537,fake,1.0,fake,0.5633322,1,1,1,1,1,1,6,real→fake,real→fake,real→fake,real→fake,real→fake,real→fake,400,30,True
