row_id,true_label,pred_label,prob_fake,title,text_snippet
40,fake,real,0.43035045,5 Ways The Media Responded With Butthurt To Donald Trump’s Victory,"The media doesn’t even try to hide its shameless pro-Socialist bias these days. Since nobody really pays attention to them anymore, you might have missed some of the more entertaining butthurt spouted by shameless propagandists posing as journalists. 2016 election night coverage on the propaganda news channels is a lesson in hilarity when examining the reaction of lamestream media talking heads. W"
1511,fake,real,0.19633774,,I'm not horrified she's with the Washington Post. She's typical of what you get with that paper. Left wing bias. I'm glad O'rilley called her out.
3352,fake,real,0.030600948,"MAINE GOVERNOR joins Kansas, Texas, and New Jersey in withdrawing from the federal (Muslim) refugee resettlement program","MAINE GOVERNOR joins Kansas, Texas, and New Jersey in withdrawing from the federal (Muslim) refugee resettlement program Gov. Paul LePage is withdrawing the state of Maine from the federal refugee settlement program, citing a loss of confidence in its ability to safely and responsibly run the program. Maine has become one of the Obama Regime’s favorite dumping grounds for unskilled, illiterate, we"
3621,real,fake,0.5252847,Rand Paul shreds Ted Cruz over his showboating antics: “He is pretty much done for”,"Rand Paul may very well already be on his way out of the Republican presidential campaign, but he’s going out with a bang, not a whimper, forcefully rebuking his Senate colleague and Republican presidential rival, Ted Cruz, for being the root of Senate dysfunction. Paul told Fox News’ Brian Kilmeade that he believed Cruz’s petty politics and disregard for Senate decorum have made him an ineffectiv"
5438,fake,real,0.09776303,"Memo To Trump: Slash Payroll Taxes For Workers, Not Income Taxes For The Elites","Memo To Trump: Slash Payroll Taxes For Workers, Not Income Taxes For The Elites By David Stockman. Donald Trump needs to pivot fast on his core economic program and embrace cutting payroll taxes for the working class, not income taxes for the elites. That means jettisoning the campaign's $3.3 trillion individual income tax cut (10-years), which reflects warmed over GOP dogma about a Laffer Curve t"
5757,fake,real,0.4433592,How Influential French Author Alain Soral Become Red Pilled,"Alain Soral is an influential French-Swiss thinker, author, and filmmaker. His beliefs are summarized as “French Third Position,” basically a third party for those that reject the traditional left and right political views, and there have been Third Position movements in many European countries over the past several decades. Major beliefs of Soral’s ideology include nationalism, political sovereig"
7048,fake,real,0.06676816,War Less Imminent After Clinton Defeat,"2016 presidential campaign A Black Agenda Radio commentary by executive editor Glen Ford Are most Americans warlike, or are they just easily misled into going along with the War Party that dominates both halves of the duopoly? In a certain sense, the distinction doesn’t matter. Most American don’t care enough about the lives of the millions of victims of U.S. empire to do much of anything to save "
12587,fake,real,0.42874163,The Anti-Police Epidemic,"Dawn Perlmutter The war on law enforcement is epidemic. Every aspect of culture has been infected. The anti-police disease is highly contagious and rapidly spreading on social media, in memes, in movements, in popular fast food restaurants, at football games, on campuses, in media and in every aspect of American culture. An epidemic is defined as the rapid spread of infectious disease to a large n"
15335,real,fake,0.6368814,"U.S. Economy Added A Robust 292,000 Jobs In December","The U.S. economy added 292,000 jobs in December while unemployment held steady at 5 percent, according to the latest figures from the Bureau of Labor Statistics. The number of new jobs was higher than many economists had anticipated; NPR's John Ydstie says experts had expected about 200,000 new jobs. In November, the BLS initially said the economy added 211,000 jobs — a ""healthy pace,"" as NPR's Ma"
16618,fake,real,0.04183072,Interview: Andy Worthington On Final Push To Close Guantanamo,"President Barack Obama has less than 70 days to achieve one of the key goals that will define his legacy: close the Guantanamo Bay military prison. There are 60 prisoners at Guantanamo. Twenty of them were cleared by the Obama administration and could be freed. Of course, the specter of a Donald Trump presidency has those who pushed for the closure of Guantanamo frightened because Trump said he wo"
17464,real,fake,0.7419267,"Iraqis think the U.S. is in cahoots with the Islamic State, and it is hurting the war","On the front lines of the battle against the Islamic State, suspicion of the United States runs deep. Iraqi fighters say they have all seen the videos purportedly showing U.S. helicopters airdropping weapons to the militants, and many claim they have friends and relatives who have witnessed similar instances of collusion. Ordinary people also have seen the videos, heard the stories and reached the"
17768,real,fake,0.53474057,Mormon Church Backs LGBT Protection,"In a landmark move, the Church of Jesus Christ of Latter-day Saints announced Tuesday that it is changing its posture toward gays. The church has decided to support anti-discrimination legislation for gays and lesbians in the realm of housing and employment. The church also announced that it it comes with the condition that no one can be forced to perform actions if he or she has religious objecti"
21039,real,fake,0.60611546,U.S. Resets Obamacare Deadline For Some Businesses To 2016,"U.S. Resets Obamacare Deadline For Some Businesses To 2016 The Obama administration says businesses employing 50-99 people now have until Jan. 1, 2016, to provide health insurance, rolling back part of the requirement known as the employer mandate. Under the Affordable Care Act, larger companies must offer the coverage in 2015. NPR's Julie Rovner filed this update for our Newscast desk: It's the s"
21432,real,fake,0.98929465,Guilty Verdict Returned In 'American Sniper' Murder Trial,"A Texas jury reached a guilty verdict in the murder trial of Eddie Ray Routh, the ex-Marine charged with killing former U.S. Navy SEAL Chris Kyle, author of the memoir American Sniper. Routh was sentenced to life in prison without parole for shooting Kyle and his friend Chad Littlefield to death at a gun range near Fort Worth in 2013. Defense lawyers had argued that Routh suffers from paranoid sch"
22564,real,fake,0.89583385,Defense Secretary Carter used personal email in first months on the job,"Defense Secretary Ash Carter used his personal email account to conduct some of his professional correspondence during his first months on the job earlier this year, the Pentagon admitted late Wednesday. Carter's use of the personal account was first reported by The New York Times, which said that he had been confronted about his email habits by White House Chief of Staff Denis McDonough this past"
23303,fake,real,0.14605767,Trump University Offers Sarah Palin Honorary Degree in Climate Science,"Manhattan Earlier this morning, Trump University issued degrees to 4,500 students online, and drew the attention of national media when the university announced several high-profile recipients of honorary degrees, sources say. Among those to receive honorary degrees, Sarah Palin was offered a honorary doctorate in climate science, a M.D. in advanced neurosurgery, and a PhD in having total class. W"
24785,fake,real,0.4134775,The Los Angeles Times Endorses Hillary Clinton Ahead Of California Primary,"As Politico reports an almost neck-and-neck race between Hillary Clinton and Bernie Sanders, the Los Angeles Times has endorsed the former Secretary of State before the critical primary on June 7.The editorial board laid out plainly their support for Clinton, highlighting her ability to get the job done in the face of rising populism:As all the world knows, Clinton would be the first woman elected"
26618,fake,real,0.25094637,Why Iranian-American pastor held hostage in Iran is voting for Donald Trump,"Why Iranian-American pastor held hostage in Iran is voting for Donald Trump Iranian-American Pastor Saeed Abedini is brimming with gratitude for one U.S. presidential aspirant: Donald Trump. Christian Today In a surprising revelation, Abedini said the Republican presidential nominee helped provide for the needs of his family in Boise, Idaho while he was locked up in an Iranian prison for his faith"
26680,fake,real,0.109485395,Poll: 41 percent of voters say election could be ‘stolen’,"Email The Politico/Morning Consult Poll finds that 41 percent of voters think widespread voter fraud could cause the GOP nominee to lose the election. Amid Trump's increased warnings about a ""rigged election,"" 73 percent of Republicans think the election could be stolen from him, compared to 17 percent of Democrats. Over the past week, Trump has cast doubt on the American electoral system, saying "
27957,fake,real,0.38184524,News: Hope For The GOP: A Nude Paul Ryan Has Just Emerged From An Ayahuasca Tent With Visions Of A New Republican Party,"Email Since Donald Trump entered the election over a year ago, he has single-handedly destroyed the GOP, leaving both the House and the Senate in utter disarray. But although many political strategists believe permanent damage has been done, conservatives shouldn’t lose hope yet, because Speaker of the House Paul Ryan has just emerged fully nude from an ayahuasca tent with visions of a new Republi"
28870,real,fake,0.8801795,"Expert Views: What will be the impact of Trump presidency on immigration, refugees?","NEW YORK (Thomson Reuters Foundation) - The election of Republican Donald Trump to be the next U.S. president raises questions about the impact his administration could have upon immigrants in the United States and the nation’s immigration and refugee policies. During his campaign Trump took a hardline position, proposing to build a wall along the United States’ border with Mexico and deport milli"
29042,fake,real,0.00075600436,National Attention On Ayotte - Hassan (*NH) Senate Race,"Maggie Hassan, left and Kelly Ayotte Hassan declares victory in U.S. Senate race with Ayotte By PAUL FEELYNew Hampshire Union Leader Update, 11:00 a.m. Gov. Maggie Hassan declared she’s won New Hampshire's U.S. Senate race, unseating Republican Sen. Kelly Ayotte.During a hastily-called press conference outside the State House, Hassan said she’s ahead now by enough votes to survive returns from the"
29378,fake,real,0.47246674,"KKK Members Showed Up At Nevada Caucus With Pro-Donald Trump Signs (PHOTOS, TWEETS)","Donald Trump s surging presidential campaign attracted some more unwanted attention at a caucus site in Nevada on Tuesday night when some people dressed in Ku Klux Klan robes showed up. The people held up signs saying New England Benevolent Association Support Trump! We Support Them! and Trump 2016 Make America Great Again! Pictures of one couple were released on Twitter by Krystal Heath, a conser"
29855,fake,real,0.14825527,Film Review: ‘National Bird’ Confronts Perils Of Becoming Drone Whistleblower,"President Barack Obama’s administration institutionalized a drone program that involves a targeted assassination policy for individuals put on kill lists. It not only devastated the lives of hundreds of thousands of people in countries, like Afghanistan, but it traumatizes the military officers, who are part of the system which makes strikes possible. But for them, there is little to no support fo"
31144,real,fake,0.6251467,Exclusive Trump op-ed: We must clean up this corruption,"Why you should vote for me. For 17 months, I’ve traveled this country and met countless Americans from every walk of life. Your hopes have become my hopes and your dreams have become my dreams. I’ve been inspired on this journey by the millions of you who came to cheer a simple idea: that we can make America great again. Real change begins with immediately repealing and replacing job-killing Obama"
31522,fake,real,0.10758594,Inequality as Policy,"Globalization and technology are routinely cited as drivers of inequality over the last four decades. While the relative importance of these causes is disputed, both are often viewed as natural and inevitable products of the working of the economy, rather than as the outcomes of deliberate policy. In fact, both the course of globalization and the distribution of rewards from technological innovati"
33201,fake,real,0.13862492,Islamic Jihadi Slams into California Veteran’s Car at 100mph: “It was in the Name of Allah!”,"An Islamic jihadi decided to use his vehicle to attack a US veteran on the streets of California earlier this month. After slamming into the veteran's car, the men told an off-duty police officer, ""I did it on purpose. It was in the name of Allah."" Scott Alcala was going to play a round of golf with his father when the attack occurred. Alcala had to act quickly and swerve into oncoming traffic in "
33356,fake,real,0.1892063,What Now?,"by Thomas Sowell The good news is that we dodged a bullet in this election. The bad news is that we don’t know how many other bullets are coming, or from what direction. A Hillary Clinton victory would have meant a third consecutive administration dedicated to dismantling the institutions that have kept America free, and imposing instead the social vision of the smug elites. That could have been t"
33558,real,fake,0.98483753,Alabama Lawmaker: Same-Sex Couples Don’t Deserve Same Financial Benefits As Other Families,"Most conservatives who oppose marriage equality will cite the Bible, “nature,” or polygamy and incest to justify their opposition. But for one Alabama state senator, a reason to oppose marriage equality is that it would allow same-sex couples to receive the same financial benefits that different-sex couples currently receive. “You gotta look at the financial aspect of this as well,” State Sen. Del"
33604,real,fake,0.88824606,Gary Johnson’s Post-Debate Reactions,"Well, we did the pre-game last night, so it's time for the Tuesday morning quarterbacking: Watch Libertarian Party presidential nominee Gary Johnson take my questions and yours on Reason's Facebook page (and right here). What do you want to know about the campaign strategy ahead?"
35724,real,fake,0.88425565,Megyn Kelly Rips Into Donald Trump for His Attacks on a Federal Judge,"In their last meeting, Fox News anchor Megyn Kelly laughed with her former adversary, presumptive Republican nominee Donald Trump, tossing him a handful of softball questions he could swiftly bat away. But Kelly took a swing right at him on her show Thursday evening, blasting the billionaire for his comments about Gonzalo Curiel, the federal judge presiding over the civil fraud lawsuits against Tr"
35754,real,fake,0.7088931,Clinton condemns Trump over Chicago violence,"Clinton said at a campaign event outside St. Louis that the ""ugly, divisive rhetoric we are hearing from Donald Trump and the encouragement of violence and aggression is wrong, and it's dangerous."" ""If you play with matches, you're going to start a fire you can't control,"" Clinton said about Trump at a caucus kick-off event at a local YMCA. ""That's not leadership. That's political arson. The test "
36572,real,fake,0.73533535,OnPolitics | 's politics blog,"What you need to know about the election recounts Green Party presidential candidate Jill Stein intends to seek recounts in Michigan, Pennsylvania and Wisconsin."
36593,real,fake,0.9042685,A Message to my Fellow Republicans,"As the unfolding Clinton email story plays out, I have some simple counsel for my friends in Congress, the conservative movement and right-leaning opinion media: Stop talking unless and until you have a plan. Better to go dark than play this game by the Clinton Rules. Hillary really put a wrench in the media’s plans this week. After eagerly cheerleading Barack Obama for eight years, they stood rea"
36993,fake,real,0.17174314,Michael Moore Owes Me $4.99,"(128 fans) - Advertisement - Michael Moore has made some terrific movies in the past, and Where to Invade Next may be the best of them, but I expected Trumpland to be (1) about Trump, (2) funny, (3) honest, (4) at least relatively free of jokes glorifying mass murder. I was wrong on all counts and would like my $4.99 back, Michael. Moore's new movie is a film of him doing a stand-up comedy show ab"
37839,fake,real,0.32691827,"STUDENTS AT MAJOR UNIVERSITY: Black Students, Including Inmates Should Get FREE Tuition, Room And Board...Check Out Who’s NOT Included","Description advertising racist wear from Facebook: White folk or those who see themselves as white are given said power inherently regardless of socioeconomic class, education etc. This is why white men created race in the first place to maintain power. Racism gave birth to the idea of race. This is a [sic] oversimplified definition Fast forward to today, where the student government at the Univer"
38605,real,fake,0.9962649,Run or wait? Tokyo's Koike faces dilemma ahead of Oct. 22 poll,"TOKYO - Tokyo Governor Yuriko Koike has made no secret of her desire to be Japan s first female prime minister - she even named her pet terrier Sori , Japanese for premier . But Koike, 65, whose fledgling Party of Hope poses a growing threat to Prime Minister Shinzo Abe s ruling bloc in an election this month, faces a tough choice: run now for a seat in parliament to become eligible for the top jo"
38845,real,fake,0.79543805,Kansas City Man Freed After 17 Years in Prison When His Doppelganger Is Found,"A Kansas City man was released after serving 17 years in jail for a robbery he didn’t commit when a man, who looked so much like him they could be twins, was finally discovered and brought to the court’s attention. [Richard Anthony Jones was convicted of a Roeland Park robbery committed in 1999, but since the first day he was arrested, Jones claimed he was innocent of the crime. While serving time"
38860,fake,real,0.28732672,Millions of South Koreans Rise Up Against Shadow Government,"Your News Wire South Koreans are rising up in their millions and demanding the overthrow of their government after a series of leaks proved president Park Geun-hye is a puppet controlled by a covert shadow government. In a furor eerily similar to that surrounding Hillary Clinton’s use of an email server and charity slush fund, critics are charging that Park has irresponsibly managed classified inf"
40531,real,fake,0.8113687,"Extreme weather to cause extreme food shortages, task force finds","Food shortages and price hikes caused by extreme weather will be three times more likely over the coming decades, according to a new report. The U.K.-U.S. Taskforce on Extreme Weather and Global Food System Resilience found that unless better planning, modeling and trade arrangements are put in place, massive disruptions to our food supply — the kind that usually only occur once a century — will h"
42349,fake,real,0.34454742,Trump's blueprint may soon cross the pond to effect Europe's elections -,STORE Trump’s blueprint may soon cross the pond to effect Europe’s elections Perhaps one of the biggest ironies in this year’s historic election was how often the media and the pundits tried to both tell and get Donald Trump to ‘act’ more presidential. And at the heart of this irony was the fact that Trump’s demeanor was no different than some of the greatest Presidents in America’s history when y
42822,real,fake,0.89583886,San Bernardino massacre: A horror that affects us all,David M. Perry is an associate professor of history at Dominican University in Illinois. He writes regularly at his blog: How Did We Get Into This Mess? Follow him on Twitter. The opinions expressed in this commentary are solely those of the author. (CNN) The horror began late Wednesday morning in San Bernardino as at least two gun-wielding people stormed into a conference center at the Inland Reg
48668,real,fake,0.98324835,Admit it: You love Tax Day! (Opinion),"Edward J. McCaffery is Robert C. Packard trustee chair in law and a professor of law, economics and political science at the University of Southern California. He is the author of ""Fair Not Flat: How to Make the Tax System Better and Simpler."" The opinions expressed in this commentary are solely those of the author. It turns out that the group for whom things ended well had significantly more posi"
49711,real,fake,0.560002,"Sorry Jeb, 'anchor babies' is a slur","Raul A. Reyes is an attorney and member of the USA Today board of contributors. Follow him on Twitter @RaulAReyes. The opinions expressed in this commentary are solely those of the author. Open mouth, insert foot. On Thursday, Jeb Bush stepped into controversy when he used the loaded term ""anchor babies"" to refer to the U.S.-born children of undocumented immigrants. In a testy exchange with report"
49731,real,fake,0.5071021,Donald Trump Call For Immediate Shutdown of Clinton Foundation,"Donald Trump called this morning for the Clinton Foundation to be ""shut down immediately,"" describing it as ""the most corrupt enterprise in political history"" in a Facebook post. ""Hillary Clinton is the defender of the corrupt and rigged status quo,"" Trump wrote. ""The Clintons have spent decades as insiders lining their own pockets and taking care of donors instead of the American people."" Over th"
49920,real,fake,0.8277999,"Joe Biden’s Niece Avoids Jail After Pleading Guilty to Stealing $100,000 on Borrowed Credit Card","Joe Biden’s niece has managed to avoid jail time after she pleaded guilty to stealing more than $100, 000 in a credit card scam. [Caroline Biden, 30, took a plea deal at the Manhattan Supreme Court in New York City and pleaded guilty to stealing $110, 810 with a borrowed credit card to go on a shopping spree, the New York Post reported. In exchange for a guilty plea, a judge sentenced Caroline to "
51213,real,fake,0.59394336,Pro-Lifers Take over Planned Parenthood's #PPShoutYourStory,"Pro-lifers have taken to social media to use Planned Parenthood's own campaign hashtag against them. Planned Parenthood centers and supporters across the country took to Facebook and Twitter encouraging women to share how Planned Parenthood has helped them, using the hashtag #PPShoutYourStory. Clinics posted messages like this one, hoping for positive participation around the country: ""As part of "
51466,fake,real,0.056955777,Adelson boosts Trump with $25 million to defeat Clinton,"Adelson boosts Trump with $25 million to defeat Clinton American-Jewish billionaire Sheldon Adelson has reportedly given $25 million to a super PAC dedicated to defeating Hillary Clinton’s presidential campaign. Just a couple of weeks ago Adelson was frustrated with Donald Trump’s “lack of focus” and misdirected attacks at fellow Republicans, including House Speaker Paul Ryan. However, Fox News re"
54420,real,fake,0.8981952,"Giuliani, suggesting Trump may have ‘exaggerated’ in lewd comments, says, ‘talk and action are two different things’","Former New York City Mayor Rudolph W. Giuliani struggled to defend Donald Trump against suggestions of sexual harassment and assault during uncomfortable interviews Sunday morning, amid the uproar over a 2005 video in which Trump made lewd comments and suggested he could grab women against their will because he is a celebrity. “You're saying that the words are wrong. How about the actions?” Chuck "
54610,real,fake,0.9918726,"ACLU Launches Nationwide Training on Protest, Resistance Against Trump","CORAL GABLES, Fla. (AP) — The American Civil Liberties Union staged a nationwide training event Saturday to make sure people are aware of their rights as protesters and urge organized, public resistance by those opposed to policies of President Donald Trump. [advertisement"
55477,real,fake,0.82662004,Turkey Says It Shot Down A Russian Warplane Near Border With Syria,"Turkey Says It Shot Down A Russian Warplane Near Border With Syria Turkey says that after issuing 10 warnings in five minutes, two of its F-16s shot down a Russian warplane that Turkey claims violated its airspace. On Twitter, Russia's Defense Ministry said its Sukhoi SU-24 was flying ""only within the borders of Syrian territory."" Its pilots, the Russians said, appear to have ejected. Later in the"
57173,real,fake,0.50691414,"UK Terror Threat Raised to Highest ’Critical’ Rating, Army Could be Deployed to Streets","The British government has raised the country’s terror threat level to “critical” indicating the military may be deployed onto UK streets. [The move — following an emergency meeting of Cabinet Office Briefing Room (COBR) — takes the UK to its highest terror threat level for the first time in a decade. In June 2007, the level was raised from ‘Severe’ indicating a “an attack is highly likely” to ‘Cr"
57181,fake,real,0.02442502,NRA Admits It Deceived Public – Says President Obama Never Could Have Confiscated Guns (VIDEO),"Proud Shares The NRA’s magazine acknowledged that President Obama “really hasn’t had the opportunity to” confiscate firearms, undercutting years of fearmongering about the supposed existence of a “ massive Obama conspiracy ” to dismantle the Second Amendment and take guns away. The NRA’s admission that a president can’t confiscate guns because “Congress writes the laws, not the president” also dem"
57670,fake,real,0.34221154,Clinton surrogate says ‘nothing new here’ three times in response to Clinton Foundation stories,Clinton surrogate says ‘nothing new here’ three times in response to Clinton Foundation stories
58973,real,fake,0.62425184,Bergdahl's platoon mates: Head of Joint Chiefs knew he walked off base in 2009,"Army Sgt. Bowe Bergdahl walked away from his base in Afghanistan June 30, 2009, and by December of that same year, the president's principal military adviser, then-Chairman of the Joint Chiefs Admiral Mike Mullen, knew those details, according to three of Bergdahl's platoon mates who spoke to Fox News. ""I asked him (Mullen) if he knew about Bergdahl and that he deserted and he (Mullen) told me tha"
60423,real,fake,0.7006391,A new 9/11 memorial to Flight 93: ‘Our loved ones left a legacy for all of us’,"—Debby Borza stood before a wall of photos of 40 people who died here Sept. 11, 2001, and gently tapped her daughter’s face on a computer touch screen, not knowing exactly what to expect. “What do they have to say about my dear, sweet daughter?” she said, her face brightening as the screen filled with photos of Deora Frances Bodley, 20, at her high school graduation, working as a volunteer reading"
61271,real,fake,0.5299915,Report: Hillary Clinton Pressured to Run for New York City Mayor,"Hillary Clinton is reportedly being pressured to run for mayor of New York City, according to several recent news reports. [If Clinton chooses to run, she will challenge Democratic incumbent Mayor Bill de Blasio. De Blasio previously served as Clinton’s 2000 Senate campaign manager, but according to AOL, the relationship between the two has chilled, as it took him several months to endorse Clinton"
61441,fake,real,0.14783594,DONALD TRUMP Calls Meeting With Press...Dresses Down Real Fake News Networks: “Everyone at CNN is a liar and you should be ashamed”,"Go to Article They had to know they had it coming... Donald Trump scolded media big shots during an off-the-record Trump Tower sitdown on Monday, sources told The Post. “It was like a f–ing firing squad,” one source said of the encounter. “Trump started with [CNN chief] Jeff Zucker and said ‘I hate your network, everyone at CNN is a liar and you should be ashamed,’ ” the source said. “The meeting "
61535,fake,real,0.43737492,,"The media already is accountable, DOC, under US law, as I tried to illustrate in my post, above. That said, the repeal of The Fairness Doctrine in the 1980s was devastating for the US public, and gave birth to Fox Propaganda News and MSNBC, among others. Also, having disingenuous propagandist commentators on every night like Kayleigh McEnany and Katrina Pierson should be shameful to CNN and Fox, r"
63692,fake,real,0.065583065,Las Vegas May Become the New Amsterdam,"Las Vegas May Become the New Amsterdam 11/07/2016 HIGH TIMES Nevada already has legal brothels, round-the-clock casinos and a coy catchphrase declaring that “what happens in Vegas, stays in Vegas.” If voters approve, the state could soon add another vice in the form of recreational marijuana. A proposal on the Nov. 8 state ballot would legalize pot, and entrepreneurs hope its passage could someday"
64771,fake,real,0.0389459,Queen Elizabeth II owns every dolphin in Britain and doesn't need a driving licence and doesn't pay tax — here are the incredible powers you didn't know the monarchy has,"Email Queen Elizabeth II is not like you and me. Did you know she is immune from prosecution? That she has her own personal poet, paid in Sherry wine? Or that she holds dominion over British swans and can fire the entire Australian government? It's true that her role as the British head of state is largely ceremonial, and the Monarch no longer holds any serious power from day to day. The historic "
65239,real,fake,0.65122116,'America is already great': Obama urges US to back Clinton in DNC speech,"Barack Obama led an emotional assault on Donald Trump’s patriotism in his last big speech to adoring Democrats on Wednesday, casting the Republican as a threat not just to his legacy, but to American democracy. “Show the world we still believe in the promise of a great nation,” the president urged both delegates and a national audience which is in real danger of voting for someone he dubbed a “hom"
65323,real,fake,0.98038876,Checking a claim that 'nobody did anything wrong' on Benghazi,"As part of a partnership with Factcheck.org, a look at Hillary Clinton's recent claim regarding the various congressional investigations into the 2012 Benghazi attacks. Clinton claimed that the seven investigations have found that 'I and nobody did anything wrong.' Did they really? Former Secretary of State Hillary Clinton said all of the government investigations into the terrorist attacks on U.S"
66536,fake,real,0.41380742,Lucifer's Banker: Bradley Birkenfeld on Corporate Crime in America,"Email Bradley Birkenfeld held a book launch party at the National Press Club tonight. And it is telling that he invited some of the nation’s top whistleblowers — including John Kiriakou who spent two years in prison — to be his guests. One of the ironies that was not lost on anyone in the room is that increasingly, it’s not corporate executives but whistleblowers who are doing jail time. Birkenfel"
67275,real,fake,0.6628466,Donald Trump’s white fascist brigade: His rallies are now a safe space for racism,"At least a half-dozen attendees shoved and tackled the protester, a black man, to the ground as he refused to leave the event. At least one man punched the protester and a woman kicked him while he was on the ground. All of the attendees who were involved in the physical altercation with the protester were white. The protester appeared to be shouting “black lives matter” and later removed his swea"
67664,fake,real,0.11073402,Iraq ‘Ready For War’ With Turkey Over Who Should Control Mosul After Isis,Iraq and Turkey are threatening to go to war with each other over who should hold power in Mosul and the surrounding region after the defeat of Isis . Turkish tanks and artillery have deployed along the border and Iraqi Prime Minister Haider al-Abadi has said that while Iraq “did not want war with Turkey” it is ready to fight one if necessary. The confrontation is sharpening as the Iraqi Army ente
68136,real,fake,0.9837467,Putin's proposed U.N. Ukraine peacekeepers must have full access: Merkel,"BERLIN(Reuters) - Any United Nations peacekeepers sent to eastern Ukraine must be granted access to the entirety of the region held by Moscow-backed separatists, German Chancellor Angela Merkel said. Russian President Vladimir Putin floated the idea of deploying U.N. troops to eastern Ukraine in a Monday call with Merkel, suggesting that the U.N. mission could protect observers from the internatio"
71042,real,fake,0.9162046,Naked People Slaughter a Sheep at Auschwitz Death Camp,"Warsaw (AFP) — Fourteen men and women in their twenties on Friday slaughtered a sheep and took their clothes off at the former Nazi German death camp according to the museum at the site in southern Poland. #Auschwitz shuts down after nude protesters slaughter sheep, chain selves to ’Arbeit Macht Frei’ gatehttps: . — Jack Mendel (@Mendelpol) March 24, 2017,"
71687,fake,real,0.014035516,Re: 55 Reasons Why California Is The Worst State In America,"55 Reasons Why California Is The Worst State In America December 12th, 2012 Why in the world would anyone want to live in the state of California at this point? The entire state is rapidly becoming a bright, shining example of everything that is wrong with America. It is so sad to watch our most populated state implode right in front of our eyes. Like millions of Americans, I was quite enamored wi"
